Name,Reason
"Aflatouni, Firooz",No articles found or failed to load
"Albert, JD",Invalid or missing Scholar link
"Ayyaswamy, Portonovo",Invalid or missing Scholar link
"Babin, Jeffrey",Invalid or missing Scholar link
"Albert, JD",Invalid or missing Scholar link
"Aflatouni, Firooz",No articles found or failed to load
"Ayyaswamy, Portonovo",Invalid or missing Scholar link
"Babin, Jeffrey",Invalid or missing Scholar link
"Bajcsy, Ruzena",Invalid or missing Scholar link
"Bhusnurmath, Arvind",Invalid or missing Scholar link
"Bogen, Daniel",Invalid or missing Scholar link
"Bonnell, Dawn A.",Invalid or missing Scholar link
"Buchsbaum, Gershon",Invalid or missing Scholar link
"Buneman, Peter",Invalid or missing Scholar link
"Burdick, Jason A.",Invalid or missing Scholar link
"Campbell, Matthew F.",Invalid or missing Scholar link
"Caputo, Taylor",Invalid or missing Scholar link
"Carchidi, Michael A.",Invalid or missing Scholar link
"Cassel, Thomas A.V.",Invalid or missing Scholar link
"Chan, Vanessa Z.",Invalid or missing Scholar link
"Cheng, Zhiliang",Invalid or missing Scholar link
"DeHon, Andre",No articles found or failed to load
"Deliwala, Sid",Invalid or missing Scholar link
"Dorny, C Nelson",Invalid or missing Scholar link
"Dowling, Kyrie",Invalid or missing Scholar link
"Ducheyne, Paul",Invalid or missing Scholar link
"Dyer, Eva",No articles found or failed to load
"Dyment, Nathaniel A.",Invalid or missing Scholar link
"Eisenberg, Lawrence",No articles found or failed to load
"Eckmann, David",Invalid or missing Scholar link
"Fabiano, Leonard",Invalid or missing Scholar link
"Fang-Yen, Christopher",Invalid or missing Scholar link
"Farber, David J.",Invalid or missing Scholar link
"Feng, Liang",Invalid or missing Scholar link
"Gandhi, Rajiv",Invalid or missing Scholar link
"Ghrist, Robert",No articles found or failed to load
"Glandt, Eduardo",Invalid or missing Scholar link
"Goldman, Yale",No articles found or failed to load
"Gorte, Raymond J.",No articles found or failed to load
"Gee, James",No articles found or failed to load
"Grundy, Lorena S.",Invalid or missing Scholar link
"Gu, Jiatao",No articles found or failed to load
"Gottardi, Riccardo",No articles found or failed to load
"Haeberlen, Andreas",No articles found or failed to load
"Graves, David J.",No articles found or failed to load
"Guntuku, Sharath Chandra",No articles found or failed to load
"Halak, Brian K.",Invalid or missing Scholar link
"Hicks, Michael",Invalid or missing Scholar link
"Holleran, Sean Patrick",Invalid or missing Scholar link
"Huang, Eric",Invalid or missing Scholar link
"Hu, Howard H.",Invalid or missing Scholar link
"Huemmler, Andrew E.",Invalid or missing Scholar link
"Huff, Marylin C.",Invalid or missing Scholar link
"Kassam, Saleem A.",Invalid or missing Scholar link
"Keenan, John D.",Invalid or missing Scholar link
"Kothmann, Bruce",Invalid or missing Scholar link
"Krakowsky, Brandon",Invalid or missing Scholar link
"Khantha, Mahadevan",Invalid or missing Scholar link
"Laird, Campbell",Invalid or missing Scholar link
"Lee, Daeyeon",No articles found or failed to load
"Lim, Bomyi",Invalid or missing Scholar link
"Liu, Vincent",No articles found or failed to load
"Loquercio, Antonio",No articles found or failed to load
"Lynch, Jennifer M.",Invalid or missing Scholar link
"Mally, Adam David",Invalid or missing Scholar link
"Marcus, Ryan",No articles found or failed to load
"Margulies, Susan S.",No articles found or failed to load
"Massachi, Talie",Invalid or missing Scholar link
"McGaha, Travis Q.",Invalid or missing Scholar link
"McGill-Gardner, Nicholas",Invalid or missing Scholar link
"Oathes, Desmond",No articles found or failed to load
"Paul, Richard",Invalid or missing Scholar link
"Pemantle, Robin",Invalid or missing Scholar link
"Perlmutter, Daniel D.",Invalid or missing Scholar link
"Pikul, James H.",Invalid or missing Scholar link
"Pope, David P.",Invalid or missing Scholar link
"Psarras, Peter",Invalid or missing Scholar link
"Ramirez, Joel",Invalid or missing Scholar link
"Radhakrishnan, Ravi",No articles found or failed to load
"Reina, Celia",No articles found or failed to load
"Raney, Jordan R.",Invalid or missing Scholar link
"Rottenberg, Sarah",Invalid or missing Scholar link
"Rubin, Harvey",Invalid or missing Scholar link
"Ryerson, Megan S.",No articles found or failed to load
"Bidokhti, Shirin Saeedi",No articles found or failed to load
"Scedrov, Andre",No articles found or failed to load
"Scherer, Peter",Invalid or missing Scholar link
"Shanis, Jenna",Invalid or missing Scholar link
"Shieh, Wen K.",Invalid or missing Scholar link
"Siegel, Steven",No articles found or failed to load
"Smith, Andrew",No articles found or failed to load
"Smith, Harry",Invalid or missing Scholar link
"Srolovitz, David R.",Invalid or missing Scholar link
"Tannen, Val B.",Invalid or missing Scholar link
"Venkatesh, Santosh S.",No articles found or failed to load
"Spiegel, Jan Van der",No articles found or failed to load
"Ungar, Lyle H.",No articles found or failed to load
"Vitek, Vaclav",Invalid or missing Scholar link
"Vrana, Bruce M.",Invalid or missing Scholar link
"Vuchic, Vukan R.",Invalid or missing Scholar link
"Waingarten, Erik",No articles found or failed to load
"Wattenbarger, Miriam R.",Invalid or missing Scholar link
"Weinstein, Scott",Invalid or missing Scholar link
"Won, James C.",Invalid or missing Scholar link
"Yager, Kevin",Invalid or missing Scholar link
"Yang, Charles",Invalid or missing Scholar link
"Yoo, Christopher S.",No articles found or failed to load
"Zaidi, Ali A.",Invalid or missing Scholar link
"Zandi, Iraj",Invalid or missing Scholar link
"Meaney, David F.",Invalid or missing Scholar link
